{"cameraMode":{"drawMode":0,"name":"Shaded","section":"Shading Mode"},"sceneLighting":true,"audioPlay":false,"sceneViewState":{"m_AlwaysRefresh":false,"showFog":true,"showSkybox":true,"showFlares":true,"showImageEffects":true,"showParticleSystems":true,"showVisualEffectGraphs":true,"m_FxEnabled":true},"in2DMode":false,"pivot":{"x":13.148841857910157,"y":6.320913314819336,"z":-30.428808212280275},"rotation":{"x":-0.1923772543668747,"y":-0.13961894810199738,"z":0.02766033634543419,"w":-0.9709476232528687},"size":18.385915756225587,"orthographic":false}